{"cameraMode":{"drawMode":0,"name":"Shaded","section":"Shading Mode"},"sceneLighting":true,"audioPlay":false,"sceneViewState":{"showFog":true,"showMaterialUpdate":false,"showSkybox":true,"showFlares":true,"showImageEffects":true,"showParticleSystems":true},"in2DMode":false,"pivot":{"x":14.060897827148438,"y":9.643190383911133,"z":2.555123805999756},"rotation":{"x":-0.18360255658626557,"y":0.3555307686328888,"z":-0.07144476473331452,"w":-0.9136649966239929},"size":10.0,"orthographic":false}